"sample_id","sample_title","matched_count_column"
"GSM7518701","WT contralateral biol rep 1 3h",NA
"GSM7518702","WT contralateral biol rep 1 6h",NA
"GSM7518703","WT contralateral biol rep 2 3h",NA
"GSM7518704","WT contralateral biol rep 2 6h",NA
"GSM7518705","WT ipsilateral biol rep 1 3h",NA
"GSM7518706","WT ipsilateral biol rep 1 6h",NA
"GSM7518707","WT ipsilateral biol rep 2 3h",NA
"GSM7518708","WT ipsilateral biol rep 2 6h",NA
"GSM7518709","NEIL1-KO contralateral biol rep 1 3h",NA
"GSM7518710","NEIL1-KO contralateral biol rep 1 6h",NA
"GSM7518711","NEIL1-KO contralateral biol rep 2 3h",NA
"GSM7518712","NEIL1-KO contralateral biol rep 2 6h",NA
"GSM7518713","NEIL1-KO ipsilateral biol rep 1 3h",NA
"GSM7518714","NEIL1-KO ipsilateral biol rep 1 6h",NA
"GSM7518715","NEIL1-KO ipsilateral biol rep 2 3h",NA
"GSM7518716","NEIL1-KO ipsilateral biol rep 2 6h",NA
"GSM7518717","NEIL2-KO contralateral biol rep 1 3h",NA
"GSM7518718","NEIL2-KO contralateral biol rep 1 6h",NA
"GSM7518719","NEIL2-KO contralateral biol rep 2 3h",NA
"GSM7518720","NEIL2-KO contralateral biol rep 2 6h",NA
"GSM7518721","NEIL2-KO ipsilateral biol rep 1 3h",NA
"GSM7518722","NEIL2-KO ipsilateral biol rep 1 6h",NA
"GSM7518723","NEIL2-KO ipsilateral biol rep 2 3h",NA
"GSM7518724","NEIL2-KO ipsilateral biol rep 2 6h",NA
