Category,ID,Term,Genes,adj_pval
Reactome,R-HSA-4420097,VEGFA-VEGFR2 Pathway,"ROCK1, ROCK2, CAV1, KDR, FYN, VEGFA",5.880677721253674e-07
Reactome,R-HSA-194138,Signaling By VEGF,"ROCK1, ROCK2, CAV1, KDR, FYN, VEGFA",5.880677721253674e-07
Reactome,R-HSA-9006934,Signaling By Receptor Tyrosine Kinases,"ROCK1, ROCK2, CAV1, KDR, MAPK1, ADAM10, FYN, HIF1A, VEGFA",8.645491149265058e-07
Reactome,R-HSA-202733,Cell Surface Interactions At Vascular Wall,"SLC7A5, SLC16A1, CAV1, FYN, F11R, JAM2",1.424937877072146e-06
Reactome,R-HSA-8935964,RUNX1 Regulates Expression Of Components Of Tight Junctions,"TJP1, CLDN5, OCLN",1.424937877072146e-06
Reactome,R-HSA-1643685,Disease,"SLC16A1, ROCK1, ROCK2, CAV1, SLC2A1, ADAM10, VEGFA, NFKB2, NFKBIA, TJP1, KDR, MAPK1, FYN",3.2763614610015627e-06
Reactome,R-HSA-9013407,RHOH GTPase Cycle,"TFRC, ROCK1, ROCK2, CAV1",6.7159431704786186e-06
Reactome,R-HSA-109582,Hemostasis,"SLC7A5, SLC16A1, CAV1, MAPK1, FYN, F11R, JAM2, VEGFA",2.037897478571733e-05
Reactome,R-HSA-3928663,EPHA-mediated Growth Cone Collapse,"ROCK1, ROCK2, FYN",3.571183570856682e-05
Reactome,R-HSA-1474244,Extracellular Matrix Organization,"MMP16, KDR, ADAM10, ADAM9, F11R, JAM2",5.9432657791815344e-05
Reactome,R-HSA-9013026,RHOB GTPase Cycle,"TFRC, ROCK1, ROCK2, CAV1",6.092825245392272e-05
Reactome,R-HSA-9013106,RHOC GTPase Cycle,"TFRC, ROCK1, ROCK2, CAV1",7.007066139152754e-05
Reactome,R-HSA-162582,Signal Transduction,"TFRC, ROCK1, ROCK2, CAV1, ADAM10, F11R, HIF1A, VEGFA, NFKBIA, TJP1, KDR, MAPK1, FYN",9.009914078442178e-05
Reactome,R-HSA-210991,Basigin Interactions,"SLC7A5, SLC16A1, CAV1",0.00011505484513163796
Reactome,R-HSA-2682334,EPH-Ephrin Signaling,"ROCK1, ROCK2, ADAM10, FYN",0.00013548446956013432
Reactome,R-HSA-420029,Tight Junction Interactions,"CLDN5, CLDN12, F11R",0.000176946005476324
Reactome,R-HSA-3928662,EPHB-mediated Forward Signaling,"ROCK1, ROCK2, FYN",0.00024461369687832124
Reactome,R-HSA-111465,Apoptotic Cleavage Of Cellular Proteins,"TJP1, OCLN, ROCK1",0.0003204620641443668
Reactome,R-HSA-1500931,Cell-Cell Communication,"CLDN5, CLDN12, FYN, F11R",0.0003204620641443668
Reactome,R-HSA-5663205,Infectious Disease,"TJP1, ROCK1, ROCK2, CAV1, MAPK1, FYN, VEGFA, NFKB2",0.00035664244949484174
Reactome,R-HSA-449147,Signaling By Interleukins,"NFKBIA, MAPK1, FYN, HIF1A, VEGFA, NFKB2",0.00035664244949484174
Reactome,R-HSA-5603029,IkBA Variant Leads To EDA-ID,"NFKBIA, NFKB2",0.00056544835890263
Reactome,R-HSA-8980692,RHOA GTPase Cycle,"TFRC, ROCK1, ROCK2, CAV1",0.0005875967145114148
Reactome,R-HSA-75153,Apoptotic Execution Phase,"TJP1, OCLN, ROCK1",0.0006300619271325009
Reactome,R-HSA-195399,VEGF Binds To VEGFR Leading To Receptor Dimerization,"KDR, VEGFA",0.0006629305775392927
Reactome,R-HSA-421270,Cell-cell Junction Organization,"CLDN5, CLDN12, F11R",0.000939815681329322
Reactome,R-HSA-373755,Semaphorin Interactions,"ROCK1, ROCK2, FYN",0.0010148994909166
Reactome,R-HSA-109581,Apoptosis,"TJP1, OCLN, ROCK1, MAPK1",0.0010148994909166
Reactome,R-HSA-216083,Integrin Cell Surface Interactions,"KDR, F11R, JAM2",0.0010148994909166
Reactome,R-HSA-351906,Apoptotic Cleavage Of Cell Adhesion Proteins,"TJP1, OCLN",0.0010148994909166
Reactome,R-HSA-1234158,Regulation Of Gene Expression By Hypoxia-inducible Factor,"HIF1A, VEGFA",0.0010148994909166
Reactome,R-HSA-4755510,SUMOylation Of Immune Response Proteins,"NFKBIA, NFKB2",0.0010148994909166
Reactome,R-HSA-9679506,SARS-CoV Infections,"TJP1, ROCK1, ROCK2, CAV1, VEGFA",0.0011030048257497
Reactome,R-HSA-5357801,Programmed Cell Death,"TJP1, OCLN, ROCK1, MAPK1",0.0015284234947511
Reactome,R-HSA-446728,Cell Junction Organization,"CLDN5, CLDN12, F11R",0.0019429310139489
Reactome,R-HSA-1810476,RIP-mediated NFkB Activation Via ZBP1,"NFKBIA, NFKB2",0.0022200658030521
Reactome,R-HSA-1280215,Cytokine Signaling In Immune System,"NFKBIA, MAPK1, FYN, HIF1A, VEGFA, NFKB2",0.0022843009872612
Reactome,R-HSA-5218921,VEGFR2 Mediated Cell Proliferation,"KDR, VEGFA",0.0023642336318662
Reactome,R-HSA-975871,MyD88 Cascade Initiated On Plasma Membrane,"NFKBIA, MAPK1, NFKB2",0.0024134928886845
Reactome,R-HSA-9679191,Potential Therapeutics For SARS,"ROCK1, ROCK2, VEGFA",0.0024261657549899
Reactome,R-HSA-5627117,RHO GTPases Activate ROCKs,"ROCK1, ROCK2",0.0024470786157987
Reactome,R-HSA-975138,TRAF6 Mediated Induction Of NFkB And MAP Kinases Upon TLR7/8 Or 9 Activation,"NFKBIA, MAPK1, NFKB2",0.0025175067281735
Reactome,R-HSA-416572,Sema4D Induced Cell Migration And Growth-Cone Collapse,"ROCK1, ROCK2",0.0025175067281735
Reactome,R-HSA-975155,MyD88 Dependent Cascade Initiated On Endosome,"NFKBIA, MAPK1, NFKB2",0.0025175067281735
Reactome,R-HSA-168164,Toll Like Receptor 3 (TLR3) Cascade,"NFKBIA, MAPK1, NFKB2",0.0025175067281735
Reactome,R-HSA-168181,Toll Like Receptor 7/8 (TLR7/8) Cascade,"NFKBIA, MAPK1, NFKB2",0.0025175067281735
Reactome,R-HSA-1606322,ZBP1(DAI) Mediated Induction Of Type I IFNs,"NFKBIA, NFKB2",0.0026173591674511
Reactome,R-HSA-168138,Toll Like Receptor 9 (TLR9) Cascade,"NFKBIA, MAPK1, NFKB2",0.0026250341370739
Reactome,R-HSA-166166,MyD88-independent TLR4 Cascade,"NFKBIA, MAPK1, NFKB2",0.002643361494939
Reactome,R-HSA-1474228,Degradation Of Extracellular Matrix,"MMP16, ADAM10, ADAM9",0.0027352042284086
Reactome,R-HSA-9013422,RHOBTB1 GTPase Cycle,"ROCK1, ROCK2",0.0028479618972046
Reactome,R-HSA-166058,MyD88:MAL(TIRAP) Cascade Initiated On Plasma Membrane,"NFKBIA, MAPK1, NFKB2",0.0028479618972046
Reactome,R-HSA-400685,Sema4D In Semaphorin Signaling,"ROCK1, ROCK2",0.0030432276950213
Reactome,R-HSA-933542,TRAF6 Mediated NF-kB Activation,"NFKBIA, NFKB2",0.0032167341013287
Reactome,R-HSA-422475,Axon Guidance,"ROCK1, ROCK2, MAPK1, ADAM10, FYN",0.0032167341013287
Reactome,R-HSA-9675108,Nervous System Development,"ROCK1, ROCK2, MAPK1, ADAM10, FYN",0.0039460918671147
Reactome,R-HSA-2454202,Fc Epsilon Receptor (FCERI) Signaling,"NFKBIA, MAPK1, FYN",0.0040155202806362
Reactome,R-HSA-5602358,Diseases Associated With TLR Signaling Cascade,"NFKBIA, NFKB2",0.0046590601988057
Reactome,R-HSA-166016,Toll Like Receptor 4 (TLR4) Cascade,"NFKBIA, MAPK1, NFKB2",0.0048117771411533
Reactome,R-HSA-5621481,C-type Lectin Receptors (CLRs),"NFKBIA, FYN, NFKB2",0.004830282427973
Reactome,R-HSA-9706574,RHOBTB GTPase Cycle,"ROCK1, ROCK2",0.0056503249837971
Reactome,R-HSA-168898,Toll-like Receptor Cascades,"NFKBIA, MAPK1, NFKB2",0.0069820593066716
Reactome,R-HSA-1442490,Collagen Degradation,"ADAM10, ADAM9",0.0071434314086547
Reactome,R-HSA-194315,Signaling By Rho GTPases,"TFRC, ROCK1, ROCK2, CAV1, MAPK1",0.0073090081904635
Reactome,R-HSA-9696273,RND1 GTPase Cycle,"TFRC, CAV1",0.0075148233252385
Reactome,R-HSA-9696264,RND3 GTPase Cycle,"ROCK1, CAV1",0.0075148233252385
Reactome,R-HSA-9696270,RND2 GTPase Cycle,"TFRC, CAV1",0.0076707665641953
Reactome,R-HSA-9716542,"Signaling By Rho GTPases, Miro GTPases And RHOBTB3","TFRC, ROCK1, ROCK2, CAV1, MAPK1",0.0076707665641953
Reactome,R-HSA-445989,TAK1-dependent IKK And NF-kappa-B Activation,"NFKBIA, NFKB2",0.0082452893120032
Reactome,R-HSA-168249,Innate Immune System,"NFKBIA, ROCK1, MAPK1, ADAM10, FYN, NFKB2",0.0093290876813145
Reactome,R-HSA-3928665,EPH-ephrin Mediated Repulsion Of Cells,"ADAM10, FYN",0.0094881748565312
Reactome,R-HSA-382551,Transport Of Small Molecules,"SLC7A5, SLC16A1, TFRC, SLC2A1, AQP4",0.0097515748615414
Reactome,R-HSA-5663202,Diseases Of Signal Transduction By Growth Factor Receptors And Second Messengers,"KDR, MAPK1, ADAM10, FYN",0.0103126772817198
Reactome,R-HSA-9013409,RHOJ GTPase Cycle,"TFRC, CAV1",0.011033402152533
Reactome,R-HSA-8878171,Transcriptional Regulation By RUNX1,"TJP1, CLDN5, OCLN",0.0111595192903035
Reactome,R-HSA-9012999,RHO GTPase Cycle,"TFRC, ROCK1, ROCK2, CAV1",0.0114262105509163
Reactome,R-HSA-168256,Immune System,"NFKBIA, ROCK1, MAPK1, ADAM10, FYN, HIF1A, VEGFA, NFKB2",0.0116466427487743
Reactome,R-HSA-375165,NCAM Signaling For Neurite Out-Growth,"MAPK1, FYN",0.0116466427487743
Reactome,R-HSA-9013406,RHOQ GTPase Cycle,"TFRC, CAV1",0.0123081499938459
Reactome,R-HSA-9664422,FCGR3A-mediated Phagocytosis,"MAPK1, FYN",0.0125633907654591
Reactome,R-HSA-1834949,Cytosolic Sensors Of Pathogen-Associated DNA,"NFKBIA, NFKB2",0.0136584720231092
Reactome,R-HSA-212436,Generic Transcription Pathway,"TJP1, CLDN5, OCLN, CAV1, MAPK1, VEGFA",0.0160817561785837
Reactome,R-HSA-9658195,Leishmania Infection,"MAPK1, FYN, NFKB2",0.0170884894201064
Reactome,R-HSA-425407,SLC-mediated Transmembrane Transport,"SLC7A5, SLC16A1, SLC2A1",0.0170884894201064
Reactome,R-HSA-1234174,Cellular Response To Hypoxia,"HIF1A, VEGFA",0.0171731849096076
Reactome,R-HSA-9009391,Extra-nuclear Estrogen Signaling,"CAV1, MAPK1",0.0171731849096076
Reactome,R-HSA-9013408,RHOG GTPase Cycle,"TFRC, CAV1",0.0172353405789878
Reactome,R-HSA-1980143,Signaling By NOTCH1,"ADAM10, HIF1A",0.0172353405789878
Reactome,R-HSA-76002,"Platelet Activation, Signaling And Aggregation","MAPK1, FYN, VEGFA",0.0174397050540485
Reactome,R-HSA-416482,G Alpha (12/13) Signaling Events,"ROCK1, ROCK2",0.0186769983202348
Reactome,R-HSA-168928,DDX58/IFIH1-mediated Induction Of Interferon-Alpha/Beta,"NFKBIA, NFKB2",0.019796682656558
Reactome,R-HSA-195258,RHO GTPase Effectors,"ROCK1, ROCK2, MAPK1",0.019796682656558
Reactome,R-HSA-2029480,Fcgamma Receptor (FCGR) Dependent Phagocytosis,"MAPK1, FYN",0.0221178064131183
Reactome,R-HSA-9013404,RAC2 GTPase Cycle,"TFRC, CAV1",0.0221178064131183
Reactome,R-HSA-73857,RNA Polymerase II Transcription,"TJP1, CLDN5, OCLN, CAV1, MAPK1, VEGFA",0.0224124178803443
Reactome,R-HSA-170834,Signaling By TGF-beta Receptor Complex,"MAPK1, F11R",0.0230391292169552
Reactome,R-HSA-9013423,RAC3 GTPase Cycle,"TFRC, CAV1",0.0230391292169552
Reactome,R-HSA-9673768,Signaling By Membrane-Tethered Fusions Of PDGFRA Or PDGFRB,KDR,0.0230391292169552
Reactome,R-HSA-8849473,PTK6 Expression,HIF1A,0.0230391292169552
Reactome,R-HSA-8866376,Reelin Signaling Pathway,FYN,0.0230391292169552
Reactome,R-HSA-9705677,SARS-CoV-2 Targets PDZ Proteins In Cell-Cell Junction,TJP1,0.0230391292169552
Reactome,R-HSA-203641,NOSTRIN Mediated eNOS Trafficking,CAV1,0.0230391292169552
Reactome,R-HSA-9634635,Estrogen-stimulated Signaling Thru PRKCZ,MAPK1,0.0230391292169552
Reactome,R-HSA-5607764,CLEC7A (Dectin-1) Signaling,"NFKBIA, NFKB2",0.0254318249966292
Reactome,R-HSA-5619102,SLC Transporter Disorders,"SLC16A1, SLC2A1",0.0254318249966292
Reactome,R-HSA-9706374,FLT3 Signaling Thru SRC Family Kinases,FYN,0.0256383796120398
Reactome,R-HSA-9635465,Suppression Of Apoptosis,MAPK1,0.0256383796120398
Reactome,R-HSA-9032500,Activated NTRK2 Signals Thru FYN,FYN,0.0256383796120398
Reactome,R-HSA-8857538,PTK6 Promotes HIF1A Stabilization,HIF1A,0.0256383796120398
Reactome,R-HSA-433692,Proton-coupled Monocarboxylate Transport,SLC16A1,0.0256383796120398
Reactome,R-HSA-5674499,Negative Feedback Regulation Of MAPK Pathway,MAPK1,0.0256383796120398
Reactome,R-HSA-6811558,"PI5P, PP2A And IER3 Regulate PI3K/AKT Signaling","MAPK1, FYN",0.0271997740237704
Reactome,R-HSA-6785807,Interleukin-4 And Interleukin-13 Signaling,"HIF1A, VEGFA",0.0274507427708294
Reactome,R-HSA-983705,Signaling By B Cell Receptor (BCR),"NFKBIA, FYN",0.0278831850948417
Reactome,R-HSA-196836,Vitamin C (Ascorbate) Metabolism,SLC2A1,0.0278831850948417
Reactome,R-HSA-444257,RSK Activation,MAPK1,0.0278831850948417
Reactome,R-HSA-2660826,Constitutive Signaling By NOTCH1 t(7;9)(NOTCH1:M1580 K2555) Translocation Mutant,ADAM10,0.0278831850948417
Reactome,R-HSA-3134963,DEx/H-box Helicases Activate Type I IFN And Inflammatory Cytokines Production,NFKB2,0.0278831850948417
Reactome,R-HSA-9652817,Signaling By MAPK Mutants,MAPK1,0.0278831850948417
Reactome,R-HSA-74160,Gene Expression (Transcription),"TJP1, CLDN5, OCLN, CAV1, MAPK1, VEGFA",0.0284697036901327
Reactome,R-HSA-199418,Negative Regulation Of PI3K/AKT Network,"MAPK1, FYN",0.0284697036901327
Reactome,R-HSA-9020702,Interleukin-1 Signaling,"NFKBIA, NFKB2",0.0287177373571424
Reactome,R-HSA-164944,Nef And Signal Transduction,FYN,0.0306767182129527
Reactome,R-HSA-9006936,Signaling By TGFB Family Members,"MAPK1, F11R",0.0306767182129527
Reactome,R-HSA-1266738,Developmental Biology,"ROCK1, ROCK2, MAPK1, ADAM10, FYN",0.0330545405680351
Reactome,R-HSA-448706,Interleukin-1 Processing,NFKB2,0.033549658554463
Reactome,R-HSA-112411,MAPK1 (ERK2) Activation,MAPK1,0.033549658554463
Reactome,R-HSA-166520,Signaling By NTRKs,"MAPK1, FYN",0.0361166160957443
Reactome,R-HSA-450341,Activation Of AP-1 Family Of Transcription Factors,MAPK1,0.0361166160957443
Reactome,R-HSA-9701898,STAT3 Nuclear Events Downstream Of ALK Signaling,HIF1A,0.0361166160957443
Reactome,R-HSA-74749,Signal Attenuation,MAPK1,0.0361166160957443
Reactome,R-HSA-111458,Formation Of Apoptosome,MAPK1,0.0388146159534692
Reactome,R-HSA-203615,eNOS Activation,CAV1,0.0388146159534692
Reactome,R-HSA-9013700,NOTCH4 Activation And Transmission Of Signal To Nucleus,ADAM10,0.0388146159534692
Reactome,R-HSA-210990,PECAM1 Interactions,FYN,0.040794624555644
Reactome,R-HSA-170968,Frs2-mediated Activation,MAPK1,0.040794624555644
Reactome,R-HSA-432047,Passive Transport By Aquaporins,AQP4,0.040794624555644
Reactome,R-HSA-75892,Platelet Adhesion To Exposed Collagen,FYN,0.040794624555644
Reactome,R-HSA-389359,CD28 Dependent Vav1 Pathway,FYN,0.040794624555644
Reactome,R-HSA-9013148,CDC42 GTPase Cycle,"TFRC, CAV1",0.0414808123471703
Reactome,R-HSA-446652,Interleukin-1 Family Signaling,"NFKBIA, NFKB2",0.0414808123471703
Reactome,R-HSA-8866910,TFAP2 (AP-2) Family Regulates Transcription Of Growth Factors And Their Receptors,VEGFA,0.0414808123471703
Reactome,R-HSA-879415,Advanced Glycosylation Endproduct Receptor Signaling,MAPK1,0.0414808123471703
Reactome,R-HSA-111461,Cytochrome C-Mediated Apoptotic Response,MAPK1,0.0414808123471703
Reactome,R-HSA-9755779,SARS-CoV-2 Targets Host Intracellular Signaling And Regulatory Pathways,CAV1,0.0414808123471703
Reactome,R-HSA-209560,NF-kB Is Activated And Signals Survival,NFKBIA,0.0414808123471703
Reactome,R-HSA-202670,ERKs Are Inactivated,MAPK1,0.0414808123471703
Reactome,R-HSA-2029481,FCGR Activation,FYN,0.0414808123471703
Reactome,R-HSA-162658,Golgi Cisternae Pericentriolar Stack Reorganization,MAPK1,0.0429044251430955
Reactome,R-HSA-169893,Prolonged ERK Activation Events,MAPK1,0.0429044251430955
Reactome,R-HSA-71240,Tryptophan Catabolism,SLC7A5,0.0429044251430955
Reactome,R-HSA-418885,DCC Mediated Attractive Signaling,FYN,0.0429044251430955
Reactome,R-HSA-2730905,Role Of LAT2/NTAL/LAB On Calcium Mobilization,FYN,0.0429044251430955
Reactome,R-HSA-399955,SEMA3A-Plexin Repulsion Signaling By Inhibiting Integrin Adhesion,FYN,0.0429044251430955
Reactome,R-HSA-2691232,Constitutive Signaling By NOTCH1 HD Domain Mutants,ADAM10,0.0450625302055477
Reactome,R-HSA-202131,Metabolism Of Nitric Oxide: NOS3 Activation And Regulation,CAV1,0.0450625302055477
Reactome,R-HSA-1502540,Signaling By Activin,MAPK1,0.0450625302055477
Reactome,R-HSA-3108232,SUMO E3 Ligases SUMOylate Target Proteins,"NFKBIA, NFKB2",0.0457076862582396
Reactome,R-HSA-1295596,Spry Regulation Of FGF Signaling,MAPK1,0.0457076862582396
Reactome,R-HSA-2173791,TGF-beta Receptor Signaling In EMT (Epithelial To Mesenchymal Transition),F11R,0.0457076862582396
Reactome,R-HSA-844456,NLRP3 Inflammasome,NFKB2,0.0457076862582396
Reactome,R-HSA-399956,CRMPs In Sema3A Signaling,FYN,0.0457076862582396
Reactome,R-HSA-193639,p75NTR Signals Via NF-kB,NFKBIA,0.0457076862582396
Reactome,R-HSA-1433559,Regulation Of KIT Signaling,FYN,0.0457076862582396
Reactome,R-HSA-399954,Sema3A PAK Dependent Axon Repulsion,FYN,0.0457076862582396
Reactome,R-HSA-2990846,SUMOylation,"NFKBIA, NFKB2",0.0470273116578982
Reactome,R-HSA-5619115,Disorders Of Transmembrane Transporters,"SLC16A1, SLC2A1",0.0473854150246128
Reactome,R-HSA-9617828,FOXO-mediated Transcription Of Cell Cycle Genes,CAV1,0.0473854150246128
Reactome,R-HSA-881907,Gastrin-CREB Signaling Pathway Via PKC And MAPK,MAPK1,0.0473854150246128
Reactome,R-HSA-6798695,Neutrophil Degranulation,"ROCK1, MAPK1, ADAM10",0.0476305316038188
Reactome,R-HSA-9013149,RAC1 GTPase Cycle,"TFRC, CAV1",0.0476305316038188
Reactome,R-HSA-912631,Regulation Of Signaling By CBL,FYN,0.0489821887668284
Reactome,R-HSA-3928664,Ephrin Signaling,FYN,0.0489821887668284
