Gene_set,Term,Overlap,P-value,Adjusted P-value,Old P-value,Old Adjusted P-value,Odds Ratio,Combined Score,Genes
MSigDB_Hallmark_2020,Oxidative Phosphorylation,92/200,3.842942550172955e-12,1.921471275086477e-10,0,0,2.770714012982054,72.82761590378517,COX7B;MRPS15;MRPS11;COX4I1;MRPS12;HCCS;ETFB;TCIRG1;MRPL34;COX6A1;PHB2;COX7C;TOMM22;AIFM1;OPA1;NNT;PDK4;IDH3B;TIMM17A;COX8A;ATP6V1G1;ATP6V0B;ECH1;NDUFC2;NDUFC1;SDHD;SDHA;COX6B1;HADHB;AFG3L2;NDUFS8;NDUFS7;NDUFS6;NDUFS4;NDUFS3;VDAC1;SLC25A5;ATP6V0C;SLC25A4;NDUFB8;NDUFB7;UQCRB;NDUFB6;ABCB7;NDUFB5;MGST3;TIMM9;NDUFB4;COX17;NDUFB3;TIMM13;NDUFB2;HTRA2;NDUFB1;UQCR11;COX7A2;UQCR10;TIMM10;MRPS30;COX5B;COX5A;HSD17B10;UQCRH;MRPL11;CYB5R3;GRPEL1;POLR2F;NDUFV1;ATP6V1F;TIMM8B;NDUFA8;SURF1;NQO2;NDUFA7;NDUFA6;NDUFA5;NDUFA4;NDUFA3;IDH2;NDUFA2;NDUFA1;COX6C;ACADSB;LRPPRC;PDP1;GLUD1;ALDH6A1;UQCRQ;NDUFAB1;OGDH;CYCS;BAX
MSigDB_Hallmark_2020,Myc Targets V1,76/200,4.25865626178818e-06,0.00010646640654470452,0,0,1.9845890410958904,24.542533258047406,YWHAE;HDDC2;RPL34;PHB2;EEF1B2;SYNCRIP;FBL;PSMD7;XPO1;SNRPD2;TRIM28;SNRPD1;C1QBP;DHX15;SNRPD3;RPS10;STARD7;EIF1AX;NCBP2;RPL22;RPS6;CAD;NME1;PSMA4;PSMA2;SNRPG;NHP2;SRSF3;VDAC1;ERH;SNRPA1;PABPC1;PPIA;SRSF7;SNRPA;KPNB1;PRPS2;CSTF2;ODC1;CUL1;DDX21;U2AF1;COX5A;GSPT1;PSMA7;HSPD1;CDC45;PSMB2;G3BP1;ORC2;FAM120A;RPS3;USP1;RPL14;RPS2;RPL18;HNRNPA1;H2AZ1;NOP56;RANBP1;XRCC6;NOP16;PTGES3;PA2G4;DEK;MRPL23;HSPE1;LSM7;APEX1;HNRNPA2B1;NDUFAB1;POLE3;PRPF31;HDGF;ABCE1;EIF4G2
MSigDB_Hallmark_2020,UV Response Dn,58/144,7.328128973601602e-06,0.00012213548289336003,0,0,2.1808598204988345,25.786029258090903,NRP1;IRS1;CELF2;PTEN;FHL2;ICA1;PRDM2;VLDLR;NR3C1;RND3;RGS4;GJA1;SIPA1L1;DBP;ZMIZ1;CCN1;WDR37;IGFBP5;ANXA4;MAGI2;F3;INPP4B;ATRN;PLCB4;MMP16;DDAH1;MAP1B;RASA2;KIT;NOTCH2;SDC2;INSIG1;MRPS31;PIK3R3;ADD3;ATP2C1;LTBP1;SCAF8;ATXN1;GRK5;PRKAR2B;TOGARAM1;FYN;APBB2;PDLIM5;BDNF;MGMT;CAV1;NEK7;ATP2B4;NR1D2;ACVR2A;TJP1;DLC1;BHLHE40;AGGF1;CDK13;BMPR1A
MSigDB_Hallmark_2020,Hypoxia,72/200,6.117411843594828e-05,0.0007646764804493535,0,0,1.8193434559452524,17.650881523712048,ERO1A;ERRFI1;CDKN1A;NCAN;SLC2A1;IRS2;VLDLR;RBPJ;NR3C1;ENO3;HK1;GYS1;DPYSL4;FAM162A;KIF5A;PDK3;IDS;CCN1;LARGE1;TPI1;IGFBP3;FOS;AMPD3;F3;PGF;TPST2;PPP1R3C;DDIT4;RRAGD;ALDOC;S100A4;ANGPTL4;ALDOA;PPP1R15A;KDM3A;PFKFB3;SDC4;SDC2;AK4;GLRX;FOXO3;PRDX5;UGP2;NFIL3;NOCT;MXI1;VHL;PPARGC1A;DTNA;HSPA5;TIPARP;SIAH2;CAV1;KLHL24;GCK;PNRC1;HS3ST1;FOSL2;VEGFA;GRHPR;EFNA3;PFKL;KLF6;NAGK;P4HA1;P4HA2;CCNG2;BHLHE40;MAFF;ACKR3;PAM;GALK1
MSigDB_Hallmark_2020,DNA Repair,55/150,0.0002505592002877841,0.0025055920028778,0,0,1.8698285240055177,15.50427283265919,FEN1;SNAPC5;ZNRD1;MRPL40;GUK1;MPC2;PDE4B;NELFE;NCBP2;VPS37D;NME3;EDF1;GTF2F1;NME1;APRT;RRM2B;BOLA2;POLR1C;POLR1D;HCLS1;EIF1B;CCNO;POM121;GTF2A2;CSTF3;DCTN4;AK1;COX17;AAAS;NT5C;POLD4;POLR2A;POLR2E;POLR2F;POLR2G;POLR2I;POLR2J;RAE1;POLR2K;SF3A3;BCAP31;SURF1;POLR3GL;TAF13;ALYREF;TAF10;ADRM1;SMAD5;TARBP2;GTF2H5;NUDT9;AGO4;ERCC1;ADA;GSDME
MSigDB_Hallmark_2020,Protein Secretion,36/96,0.0017362112499322,0.014468427082769,0,0,1.93446519524618,12.29555747019464,COPB1;CLTC;SNAP23;USO1;ICA1;CLTA;CLCN3;RPS6KA3;GOLGA4;LAMP2;AP2S1;MAPK1;KIF1B;ARFIP1;DNM1L;ARFGEF1;ABCA1;ARFGEF2;MON2;DST;CAV2;GBF1;ADAM10;AP2B1;STAM;SCAMP1;ARCN1;SOD1;VAMP7;RER1;RAB14;YIPF6;ERGIC3;PAM;VAMP3;BET1
MSigDB_Hallmark_2020,Unfolded Protein Response,40/113,0.0034175707265987,0.0244112194757051,0,0,1.766622827946602,10.032342400583746,ERO1A;DCTN1;POP4;IFIT1;HSP90B1;RPS14;TATDN2;SERP1;EXOSC4;BAG3;KIF5B;EIF4EBP1;DNAJB9;BANF1;CHAC1;SEC11A;PAIP1;TSPYL2;NOP56;XBP1;HSPA5;WFS1;FUS;EDEM1;EEF2;LSM4;ARFGAP1;VEGFA;CNOT4;DNAJC3;SLC7A5;SPCS3;CNOT6;TUBB2A;SPCS1;DDIT4;NHP2;CALR;ATF6;DCP2
MSigDB_Hallmark_2020,mTORC1 Signaling,63/200,0.0072607094501283,0.0453794340633019,0,0,1.483605854996144,7.307170884410693,ERO1A;GSK3B;CDKN1A;BTG2;TFRC;PITPNB;UBE2D3;ARPC5L;SLC2A1;ATP2A2;VLDLR;SLC7A11;TM7SF2;SERP1;ME1;STARD4;TPI1;IGFBP5;ELOVL5;ELOVL6;CACYBP;ACSL3;SYTL2;SLC7A5;PSMA4;DDIT4;ALDOA;SQSTM1;PPIA;PPP1R15A;IDI1;FKBP2;INSIG1;USO1;GMPS;PIK3R3;AK4;GLRX;ADD3;CORO1A;ACACA;HSP90B1;HSPD1;PSMB5;NFIL3;PRDX1;SERPINH1;SEC11A;XBP1;SDF2L1;HSPA5;EDEM1;PLK1;PDAP1;HSPE1;QDPR;SQLE;PFKL;P4HA1;CCNG1;BHLHE40;CALR;NFKBIB
MSigDB_Hallmark_2020,Androgen Response,34/100,0.012925462119336,0.0640474536764277,0,0,1.6595441046013808,7.216620648100506,SRP19;IDI1;INSIG1;GNAI3;DBI;SAT1;UBE2J1;RPS6KA3;ZMIZ1;PMEPA1;DNAJB9;ITGAV;PDLIM5;SLC38A2;GUCY1A1;XRCC6;XRCC5;TMEM50A;ELOVL5;ADRM1;ARID5B;LIFR;ACSL3;PA2G4;MERTK;INPP4B;SPCS3;APPBP2;VAPA;SELENOP;BMPR1B;SGK1;PLPP1;FKBP5
MSigDB_Hallmark_2020,Mitotic Spindle,61/199,0.0149626422861218,0.0640474536764277,0,0,1.4253949406777302,5.989792764746914,YWHAE;DOCK4;ITSN1;WASL;SMC3;ARHGAP5;UXT;PREX1;PCM1;PPP4R2;KIF5B;KIF1B;KIFAP3;SUN2;ARHGEF12;DST;CEP131;SHROOM2;ACTN4;SMC1A;DYNLL2;BCR;BIN1;INCENP;RASA2;ARHGEF3;CDC42EP2;EZR;KPTN;SOS1;PAFAH1B1;NOTCH2;ROCK1;NEDD9;RASAL2;FGD4;CYTH2;FGD6;KIF3B;KATNA1;FLNA;RICTOR;KIF3C;PDLIM5;MYH10;CLASP1;ARFGEF1;PCGF5;PLK1;RANBP9;ARHGAP29;LRPPRC;NET1;CCDC88A;ANLN;MYO1E;APC;ABI1;NF1;TUBGCP5;CNTROB
MSigDB_Hallmark_2020,PI3K/AKT/mTOR  Signaling,35/105,0.0162376282411279,0.0640474536764277,0,0,1.6106513897729684,6.636566640732558,GSK3B;CDKN1A;RALB;PRKAA2;CAB39;UBE2D3;CLTC;PTEN;SLC2A1;PIK3R3;ACACA;HSP90B1;RPS6KA3;GNA14;MAPK8;GRK2;PPP2R1B;CFL1;MAPK1;PLCG1;HRAS;FGF22;MAP2K6;PRKCB;PPP1CA;PIKFYVE;ARPC3;UBE2N;PIN1;GRB2;CALR;PFN1;PLCB1;SQSTM1;NFKBIB
MSigDB_Hallmark_2020,TNF-alpha Signaling via NF-kB,61/200,0.0166523379558712,0.0640474536764277,0,0,1.4150466697263056,5.794905708400658,BTG2;CDKN1A;TNFAIP6;TNC;RNF19B;IRS2;SAT1;PDE4B;PMEPA1;DENND5A;CCN1;CCNL1;PHLDA1;DUSP4;KLF10;EDN1;DDX58;FOS;F3;TUBB2A;SGK1;IL6ST;FJX1;SQSTM1;PPP1R15A;PFKFB3;SDC4;CEBPD;PTGS2;TANK;SNN;NFIL3;DNAJB4;PDLIM5;ABCA1;EGR1;EGR2;EGR3;LAMB3;TIPARP;INHBA;PNRC1;KLF2;FOSL2;VEGFA;NFKB2;FOSL1;NFKBIA;NR4A2;YRDC;SPSB1;KLF6;NR4A3;BCL6;TNIP1;TNIP2;MAFF;BHLHE40;FOSB;ACKR3;NFE2L2
MSigDB_Hallmark_2020,Adipogenesis,61/200,0.0166523379558712,0.0640474536764277,0,0,1.4150466697263056,5.794905708400658,COX7B;RNF11;ITSN1;ETFB;COX6A1;LIPE;AIFM1;ALDH2;DBT;ME1;PIM3;HADH;COX8A;CHUK;MCCC1;ECH1;ELMOD3;ELOVL6;LIFR;PPM1B;GPD2;NDUFS3;ANGPTL4;ALDOA;PFKFB3;NDUFB7;MGST3;ATL2;AK2;UQCR11;UQCR10;TANK;SULT1A1;GRPEL1;DDT;UCP2;UBQLN1;SNCG;DNAJB9;APOE;DRAM2;ABCA1;ESRRA;NDUFA5;EPHX2;CIDEA;CHCHD10;SORBS1;DNAJC15;SOD1;QDPR;COQ3;DHRS7;PFKL;GPAM;BCL6;UQCRQ;CCNG2;NDUFAB1;REEP6;CRAT
MSigDB_Hallmark_2020,TGF-beta Signaling,20/54,0.0195709615624985,0.0698962912946375,0,0,1.8933512491290931,7.447891645189132,KLF10;PPP1R15A;SMAD1;WWTR1;BMPR2;SMURF2;UBE2D3;XIAP;TGFBR1;HIPK2;PPP1CA;NCOR2;SKI;TJP1;APC;PMEPA1;SKIL;TRIM33;ENG;BMPR1A
MSigDB_Hallmark_2020,Cholesterol Homeostasis,24/74,0.0557153861266179,0.1857179537553932,0,0,1.5446570702794242,4.460195650188649,ERRFI1;IDI1;FDPS;STARD4;PCYT2;MVK;TNFRSF12A;CHKA;ECH1;HSD17B7;GNAI1;PNRC1;TM7SF2;SQLE;ALCAM;NFIL3;FABP5;FASN;PMVK;PDK3;MAL2;MVD;ALDOC;CPEB2
MSigDB_Hallmark_2020,p53 Pathway,56/200,0.0918488077520512,0.2701435522119154,0,0,1.2522023302074452,2.989772618547284,CYFIP2;RB1;CDKN1A;BTG2;STEAP3;CCP110;RNF19B;ABAT;SLC7A11;TRIAP1;SAT1;PITPNC1;HINT1;CCND2;FAM162A;RPL36;HRAS;RPS12;TSPYL2;APAF1;FBXW7;ABCC5;VWA5A;TRAFD1;AEN;FOS;H2AJ;RAP2B;DDIT4;CDH13;TAX1BP3;S100A4;PPP1R15A;POM121;NOTCH1;HSPA4L;AK1;TGFA;RPS27L;FOXO3;KLK8;CDKN2AIP;ZFP36L1;EPS8L2;RPL18;RALGDS;PMM1;ZBTB16;TPRKB;WWP1;CCNG1;MDM2;BAX;FGF13;ADA;MXD4
MSigDB_Hallmark_2020,heme Metabolism,56/200,0.0918488077520512,0.2701435522119154,0,0,1.2522023302074452,2.989772618547284,BTG2;TFRC;SLC2A1;ICAM4;SLC7A11;NR3C1;BACH1;NUDT4;ALAD;HEBP1;NNT;LAMP2;ARHGEF12;GLRX5;BPGM;ANK1;SPTB;KAT2B;BMP2K;BLVRB;HAGH;KDM7A;OSBP2;USP15;MGST3;GMPS;HTRA2;FOXO3;PPOX;CLCN3;ADD1;TRAK2;UCP2;MXI1;DCAF10;SNCA;FN3K;RBM38;DMTN;SMOX;NEK7;XPO7;KLF3;UBAC1;MFHAS1;ALDH6A1;XK;SYNJ1;P4HA2;TMCC2;HDGF;ACKR1;GCLM;LPIN2;EZH1;PICALM
MSigDB_Hallmark_2020,Hedgehog Signaling,12/36,0.1250800608996806,0.3450806199383684,0,0,1.6076858108108107,3.342059288404687,NRP1;DPYSL2;PTCH1;SLIT1;NF1;NRCAM;THY1;VLDLR;CELSR1;L1CAM;AMOT;VEGFA
MSigDB_Hallmark_2020,UV Response Up,44/158,0.13113063557658,0.3450806199383684,0,0,1.242078410311493,2.523358348636536,FEN1;BTG2;TFRC;AMD1;CLTB;DDX21;WIZ;CLCN2;HSPA13;GLS;SULT1A1;RXRB;DNAJB1;GRPEL1;AP2S1;PRKACA;NPTX2;E2F5;ATP6V1F;KCNH2;KLHDC3;CHKA;PLCL1;NTRK3;IGFBP2;GGH;PDAP1;CCK;FOS;MRPL23;NFKBIA;CDC34;EIF5;DLG4;AGO2;POLE3;SELENOW;FOSB;NPTXR;IL6ST;ALDOA;CDO1;SQSTM1;SLC25A4
MSigDB_Hallmark_2020,Fatty Acid Metabolism,43/158,0.1738404000931222,0.4231956631660843,0,0,1.2029589243635357,2.1047181561078414,GCDH;IDI1;ODC1;RAP1GDS1;UBE2L6;HCCS;HSD17B7;ENO3;HSD17B10;ALAD;MCEE;HSPH1;AUH;NTHL1;ME1;IDH3B;NBN;HMGCS2;HADH;GLUL;H2AZ1;CBR1;GABARAPL1;HSP90AA1;ELOVL5;CCDC58;ECH1;CIDEA;ACSL4;SDHD;SDHA;HADHB;GRHPR;GPD2;FASN;APEX1;GPD1;ERP29;SERINC1;REEP6;BMPR1B;ALDOA;CRAT
MSigDB_Hallmark_2020,Wnt-beta Catenin Signaling,13/42,0.1777421785297554,0.4231956631660843,0,0,1.4412045297309106,2.4895672782439213,NOTCH1;NOTCH4;PTCH1;HDAC11;CUL1;AXIN2;RBPJ;GNAI1;NCOR2;FRAT1;ADAM17;CCND2;DVL2
MSigDB_Hallmark_2020,Myc Targets V2,17/58,0.1971164911213266,0.4340805943693968,0,0,1.3331219615303318,2.1649372732546257,NOP56;NOP16;PUS1;PLK1;PPAN;WDR74;PA2G4;HSPE1;RABEPK;HSPD1;BYSL;TCOF1;LAS1L;NDUFAF4;MAP3K6;FARSA;DCTPP1
MSigDB_Hallmark_2020,Apical Junction,53/200,0.1996770734099225,0.4340805943693968,0,0,1.1599617482775857,1.8687608407738892,CD86;COL16A1;IRS1;PTEN;DMP1;ICAM4;WASL;PIK3CB;CDH8;TIAL1;CDH6;HADH;HRAS;GAMT;KCNH2;SHROOM2;ACTN4;GTF2F1;CLDN5;CDH11;ADAM9;EVL;MVD;PFN1;MYL9;ARHGEF6;INSIG1;PIK3R3;ATP1A3;NRXN2;THY1;GNAI1;MYL12B;NRAP;ADAM23;PLCG1;MYH10;MPZL1;JUP;LAMB3;NEGR1;CADM2;PBX2;MPP5;PTK2;TJP1;CDK8;PPP2R2C;ITGA10;CNTN1;NF1;NECTIN4;CRAT
MSigDB_Hallmark_2020,Glycolysis,52/200,0.2485012027255854,0.5177108390116364,0,0,1.1300704452322852,1.5734056621039825,ERO1A;IRS2;VLDLR;HS6ST2;GYS1;DPYSL4;FAM162A;STMN1;ME1;PDK3;SOX9;IL13RA1;TPI1;CHPF2;IGFBP3;AKR1A1;PKM;HAX1;KIF2A;DDIT4;RRAGD;ANGPTL4;ALDOA;PPIA;SDC2;RPE;TGFA;AK4;GLRX;NOL3;ARPP19;FUT8;UGP2;MXI1;NDUFV3;LHPP;SLC35A3;HOMER1;HSPA5;B3GAT3;AGL;GFPT1;MERTK;VEGFA;SOD1;EFNA3;GALE;P4HA1;P4HA2;PAM;GALK2;GALK1
MSigDB_Hallmark_2020,Reactive Oxygen Species Pathway,14/49,0.2594203062195037,0.5188406124390075,0,0,1.2857625686523024,1.7348867995917272,CDKN2D;NDUFA6;SRXN1;TXNRD2;NDUFB4;GLRX;OXSR1;IPCEF1;ATOX1;SOD1;SELENOS;PRDX1;GCLM;HMOX2
MSigDB_Hallmark_2020,Estrogen Response Early,51/200,0.3032939581312282,0.5832576117908235,0,0,1.1005925530075602,1.3130650104320356,MAST4;FHL2;SLC2A1;ABAT;HR;NADSYN1;CELSR1;CELSR2;AFF1;GJA1;DEPTOR;JAK2;MYBL1;KLF10;MREG;ELOVL5;NPY1R;FOS;CBFA2T3;NCOR2;SLC7A5;TUBB2B;ADCY9;MPPED2;BLVRB;IL6ST;FKBP5;ARL3;RHOBTB3;ADD3;PAPSS2;SLC7A2;AKAP1;SEC14L2;CALCR;BAG1;NRIP1;SH3BP5;XBP1;EGR3;SLC16A1;TIPARP;WFS1;SIAH2;MLPH;SYT12;FASN;DLC1;BHLHE40;CHPT1;RETREG1
MSigDB_Hallmark_2020,KRAS Signaling Up,50/200,0.3631836905998103,0.6725623899996488,0,0,1.0715197956577267,1.0852851154298084,ERO1A;NRP1;MTMR10;PLVAP;IKZF1;CROT;CCND2;SOX9;EPHB2;SCN1B;GUCY1A1;PEG3;MMD;IGFBP3;VWA5A;BPGM;DUSP6;ETV5;PCP4;ADAM17;HKDC1;SCG5;ADAM8;ANGPTL4;TRIB2;ENG;PPP1R15A;GLRX;PTGS2;CBL;HDAC9;BTBD3;EVI5;CBX8;RABGAP1L;PTCD2;JUP;PRRX1;CIDEA;LAPTM5;WNT7A;INHBA;SNAP91;GADD45G;YRDC;MAFB;ITGBL1;STRN;AVL9;ADGRL4
MSigDB_Hallmark_2020,Pperoxisome,26/104,0.4182102560781744,0.7468040287110259,0,0,1.071156289707751,0.9338029555045414,SLC23A2;IDI1;ABCD2;PEX11B;IDE;PRDX5;ATXN1;PRDX1;NUDT19;HRAS;FIS1;FDPS;ELOVL5;EPHX2;ABCC5;ECH1;IDH2;ACSL4;PEX13;SOD1;SLC25A17;DLG4;ERCC1;PABPC1;SLC25A4;CRAT
MSigDB_Hallmark_2020,Pancreas Beta Cells,10/40,0.4862722787865764,0.8215533462686793,0,0,1.070915998311524,0.7721160497496522,NEUROD1;CHGA;PCSK1;SPCS1;MAFB;SST;SRP14;SEC11A;FOXO1;GCK
MSigDB_Hallmark_2020,G2-M Checkpoint,48/200,0.4929320077612075,0.8215533462686793,0,0,1.0145576707726764,0.7176818935571412,NOTCH2;CUL5;CUL3;ODC1;AMD1;CUL1;ARID4A;HMGB3;PDS5B;RASAL2;HIF1A;GSPT1;ORC5;SYNCRIP;RPS6KA5;CHAF1A;XPO1;CDC45;SNRPD1;KIF5B;KATNA1;STMN1;G3BP1;HMGN2;SRSF10;TMPO;H2AZ1;PRMT5;POLQ;DR1;RBM14;PLK1;CBX1;CDC7;FOXN3;SMC1A;SQLE;SLC7A5;STAG1;SFPQ;RBL1;EWSR1;INCENP;UBE2S;NUP98;KPNB1;EZH2;PAFAH1B1
MSigDB_Hallmark_2020,Myogenesis,47/200,0.5594549448226566,0.9023466851978332,0,0,0.9866528189663444,0.5730403423147034,RB1;CAMK2B;CDKN1A;CTF1;NOTCH1;AK1;FHL1;MYL6B;ENO3;COX6A2;FGF2;COX7A1;BAG1;BDKRB2;NOS1;LARGE1;MEF2D;PDLIM7;KCNH1;MEF2A;KCNH2;WWTR1;FDPS;MEF2C;DTNA;PTGIS;AGL;IGFBP3;SORBS1;SIRT2;FABP3;PTP4A3;ADCY9;PPP1R3C;BIN1;PKIA;FXYD1;FKBP1B;BHLHE40;PICK1;CDH13;MAPRE3;CASQ1;LPIN1;CRAT;PFKM;PVALB
MSigDB_Hallmark_2020,Angiogenesis,8/36,0.6480210901256787,0.9952396471335956,0,0,0.9176612417118746,0.398110845464289,NRP1;THBD;CCND2;ITGAV;S100A4;PTK2;TNFRSF21;VEGFA
MSigDB_Hallmark_2020,E2F Targets,45/200,0.6867632159589541,0.9952396471335956,0,0,0.9319583244737402,0.3501979814725082,DCLRE1B;CDKN1A;TFRC;CSE1L;AK2;CCP110;HMGB3;PDS5B;SMC3;IPO7;GSPT1;PSMC3IP;PNN;SYNCRIP;XPO1;ING3;STMN1;ORC2;USP1;NBN;RBBP7;LYAR;TMPO;H2AZ1;NOP56;RANBP1;XRCC6;PLK1;DONSON;NUP153;PA2G4;DEK;SMC1A;DCK;NME1;STAG1;WEE1;DIAPH3;UBE2S;RAD1;NAA38;DCTPP1;ASF1A;EZH2;SNRPB
MSigDB_Hallmark_2020,Xenobiotic Metabolism,45/200,0.6867632159589541,0.9952396471335956,0,0,0.9319583244737402,0.3501979814725082,CYFIP2;ENPEP;ABCD2;DDC;PROS1;ATP2A2;CROT;COMT;ARPP19;ADH5;PAPSS2;PSMB10;CNDP2;TKFC;ALDH2;DDT;TTPA;PDK4;ASL;APOE;PDLIM5;XDH;MARCHF6;MCCC2;GSTM4;HES6;CBR1;GABARAPL1;PMM1;JUP;IL1R1;ELOVL5;SMOX;GSS;PTGES3;ECH1;SSR3;PTGR1;PGD;DHRS7;PINK1;DDAH2;BLVRB;CDO1;LPIN2
MSigDB_Hallmark_2020,IL-2/STAT5 Signaling,44/199,0.73161610727413,0.9952396471335956,0,0,0.9110544217687074,0.2847039111590341,CD86;NRP1;PHTF2;BMPR2;ODC1;GPR83;ENO3;SPRED2;ALCAM;CCND2;NFIL3;LRRC8C;MAP6;SH3BGRL2;CAPN3;DENND5A;ITGAV;PHLDA1;GABARAPL1;XBP1;RABGAP1L;S100A1;ANXA4;PUS1;PTCH1;SPRY4;HUWE1;FAM126B;HOPX;HIPK2;TTC39B;MYO1E;TWSG1;KLF6;P4HA1;SNX14;RRAGD;BHLHE40;MAFF;TLR7;ITGA6;PLPP1;TNFRSF21;BCL2L1
MSigDB_Hallmark_2020,Apical Surface,9/44,0.7494537245204228,0.9952396471335956,0,0,0.8256895668163868,0.238137710197395,SCUBE1;RTN4RL1;SHROOM2;AKAP7;HSPB1;ADAM10;THY1;MDGA1;SULF2
MSigDB_Hallmark_2020,Estrogen Response Late,43/200,0.7959741040655239,0.9952396471335956,0,0,0.8787033715318437,0.2005101152292934,ARL3;HSPA4L;NAB2;HR;ETFB;ADD3;CELSR2;CXCL14;PAPSS2;AFF1;CALCR;PRKAR2B;BAG1;NRIP1;HMGCS2;JAK2;LARGE1;JAK1;XBP1;EGR3;SLC16A1;ELOVL5;WFS1;SIAH2;CAV1;IDH2;NPY1R;ATP2B4;FOS;COX6C;NCOR2;SLC7A5;PCP4;DNAJC1;GALE;RABEP1;FABP5;BLVRB;CHPT1;SGK1;IL6ST;FGFR3;FKBP5
MSigDB_Hallmark_2020,Complement,43/200,0.7959741040655239,0.9952396471335956,0,0,0.8787033715318437,0.2005101152292934,DGKG;C1QA;CPM;DOCK4;USP15;GMFB;LRP1;NOTCH4;GNAI3;CBLB;VCPIP1;CTSO;CSRP1;LAMP2;S100A13;ME1;FYN;JAK2;SH2B3;USP8;GCA;HSPA5;SIRT6;PRSS36;HPCAL4;F3;MT3;DUSP6;ATOX1;PDP1;ZEB1;KIF2A;GPD2;MAFF;IRF2;ADAM9;CDH13;CALM3;GRB2;PFN1;ZFPM2;C1QC;HSPA1A
MSigDB_Hallmark_2020,Notch Signaling,6/32,0.8058775102874104,0.9952396471335956,0,0,0.7409726502936119,0.1599193258861844,NOTCH2;LFNG;PSENEN;NOTCH1;CUL1;DTX1
MSigDB_Hallmark_2020,Bile Acid Metabolism,23/112,0.8179116711207622,0.9952396471335956,0,0,0.8293181142619345,0.1666937120042452,ABCA1;PECR;SLC23A2;IDI1;ABCD2;ABCA5;PNPLA8;EPHX2;IDH2;DIO2;PIPOX;CROT;CYP7B1;PEX13;NR3C2;SOD1;LIPE;PRDX5;ATXN1;NEDD4;GCLM;PFKM;NUDT12
MSigDB_Hallmark_2020,Interferon Alpha Response,19/97,0.8616433004411813,0.9952396471335956,0,0,0.7816093823706427,0.1163925002734675,OGFR;SAMD9L;RSAD2;TRAFD1;GMPR;IFI44;EIF2AK2;UBE2L6;TDRD7;ADAR;TENT5A;DDX60;PARP14;SLC25A28;IRF2;MVB12A;TRIM25;PSME2;NCOA7
MSigDB_Hallmark_2020,Interferon Gamma Response,41/200,0.8793467099793629,0.9952396471335956,0,0,0.8268335798549731,0.1063109727440503,OGFR;CD86;CDKN1A;SAMD9L;EIF4E3;TNFAIP6;SPPL2A;UBE2L6;ADAR;IFIT1;PTGS2;DDX60;HIF1A;PSMB10;SLC25A28;PSMB2;ST8SIA4;PDE4B;TRIM25;JAK2;PTPN1;RSAD2;AUTS2;STAT1;DDX58;LYSMD2;EIF2AK2;IFI44;TRAFD1;ARID5B;TDRD7;BPGM;PARP14;NFKBIA;ZNFX1;LATS2;PSMA2;OAS2;IRF2;PSME2;IRF5
MSigDB_Hallmark_2020,Apoptosis,29/161,0.9678796874863612,0.9952396471335956,0,0,0.7039241749985552,0.0229813569128456,CDKN1A;BTG2;ROCK1;HSPB1;XIAP;NEDD9;SAT1;ADD1;PPP3R1;PAK1;CCND2;LMNA;DNM1L;BCAP31;EGR3;TNFRSF12A;MGMT;CAV1;PTK2;SOD1;DNAJC3;WEE1;MADD;DPYD;BAX;SQSTM1;PLCB2;BCL2L2;BCL2L1
MSigDB_Hallmark_2020,Epithelial Mesenchymal Transition,37/200,0.9694623473201976,0.9952396471335956,0,0,0.7270453044890369,0.0225483229863939,NOTCH2;ECM2;COL16A1;SDC4;LRP1;WIPF1;TNC;HTRA1;THY1;FGF2;SAT1;RGS4;CDH6;GJA1;BASP1;SERPINH1;FLNA;PMEPA1;ITGAV;SLIT3;CCN1;EDIL3;TNFRSF12A;TPM4;DST;PRRX1;BDNF;IGFBP3;IGFBP2;INHBA;VEGFA;COL7A1;CDH11;VIM;MYL9;FERMT2;PFN2
MSigDB_Hallmark_2020,Spermatogenesis,23/135,0.9770438641582512,0.9952396471335956,0,0,0.6580120937263795,0.015281495966635,TLE4;NPY5R;HSPA1L;DDX25;HSPA4L;PEBP1;YBX2;IDE;SIRT1;PIAS2;SNAP91;TSN;MTOR;POMC;SCG5;RAD17;NOS1;LPIN1;ZC3H14;AGFG1;EZH2;CLVS1;IL12RB2
MSigDB_Hallmark_2020,Inflammatory Response,36/200,0.979869703298628,0.9952396471335956,0,0,0.7028862478777589,0.0142936641723375,CDKN1A;BTG2;CALCRL;TNFAIP6;GNAI3;KCNA3;SLC1A2;ATP2A2;ICAM4;ATP2C1;SLC4A4;HIF1A;SLC7A2;ADGRE1;STAB1;PDE4B;ITGB8;KIF1B;NDP;CCL17;SCN1B;ABCA1;EDN1;IL1R1;PCDH7;ADRM1;EIF2AK2;INHBA;OSMR;F3;ACVR2A;NFKBIA;KLF6;SELENOS;ABI1;TLR3
MSigDB_Hallmark_2020,KRAS Signaling Dn,36/200,0.979869703298628,0.9952396471335956,0,0,0.7028862478777589,0.0142936641723375,BTG2;TENM2;THRB;ARHGDIG;YBX2;CCDC106;KLK8;CELSR2;LFNG;NUDT11;SNN;SLC16A7;NOS1;PRODH;SNCB;SKIL;FGF22;GAMT;EPHA5;EDN1;CAMK1D;RSAD2;ZBTB16;IGFBP2;ENTPD7;HTR1B;GPR3;ADRA2C;SOX10;NR4A2;SELENOP;CPEB3;SGK1;BMPR1B;FGFR3;SLC29A3
MSigDB_Hallmark_2020,IL-6/JAK/STAT3 Signaling,12/87,0.9926073092116646,0.9952396471335956,0,0,0.5127364864864865,0.0038045827440429,PTPN1;HAX1;TNFRSF12A;IL1R1;STAT1;GRB2;TYK2;OSMR;IL6ST;CBL;TNFRSF21;IL13RA1
MSigDB_Hallmark_2020,Coagulation,21/138,0.9949391288650544,0.9952396471335956,0,0,0.5746855217978551,0.002915793836545,ARF4;C1QA;LRP1;S100A1;PROS1;F12;HTRA1;KLK8;F3;SIRT2;DUSP6;THBD;CTSO;CSRP1;LAMP2;MAFF;S100A13;ADAM9;FYN;HMGCS2;RAPGEF3
MSigDB_Hallmark_2020,Allograft Rejection,33/200,0.9952396471335956,0.9952396471335956,0,0,0.6322095998882404,0.0030167268335384,CD86;THY1;HIF1A;HDAC9;PSMB10;IKBKB;CCND2;RPS19;STAB1;ST8SIA4;FLNA;APBB1;CCR5;JAK2;RPL39;SOCS5;SRGN;EIF5A;RPS9;PRKCB;STAT1;GALNT1;GLMN;CARTPT;INHBA;ACVR2A;NME1;ABI1;UBE2N;HCLS1;ABCE1;EIF4G3;TLR3
