ID,Description,GeneRatio,BgRatio,RichFactor,FoldEnrichment,zScore,pvalue,p.adjust,qvalue,geneID,Count
R-MMU-1474244,Extracellular matrix organization,43/553,235/8093,0.1829787234042553,2.67784233003732,7.068607962924267,1.7097841581552412e-9,1.5986481878751504e-6,1.4668148304173912e-6,Spp1/Serpinh1/Itga5/Icam1/A2m/Cd44/Timp1/Sdc1/Fgf2/Col12a1/Adamts4/Tgfb1/Mmp12/Itgb2/Adam8/Bmp2/Mmp19/Adamts5/Nid2/Pecam1/Col8a2/Ddr2/Ctsl/Cast/Col27a1/Col8a1/Sdc4/Loxl2/Ddr1/Plod2/Col6a2/Ltbp1/Fn1/Plod3/Tnc/Itga9/Col5a3/Lox/Efemp2/Col4a1/Col18a1/Col16a1/Mmp11,43
R-MMU-1280215,Cytokine Signaling in Immune system,58/553,423/8093,0.13711583924349882,2.0066518752217646,5.75912677048632,1.745848918062202e-7,8.161843691940794e-5,7.488772990635235e-5,Hspa1a/Osmr/Hspa1b/Socs3/Tnfrsf12a/Fos/Clcf1/Csf1/Il4ra/Sdc1/Stat3/Il21/Tubb6/Gbp2/Ltbr/Mapkapk3/Il1r1/Nfkb2/Gbp5/Il1rn/Il6/Map2k3/Csf2rb/Map3k14/Il11/Isg15/Mapkapk2/Lif/Rela/Osm/Il1a/Il1rl2/Il6st/Tnfsf15/Atf1/Irf9/Eda2r/Trim25/Socs1/Irak3/Usp18/Map3k8/Tnfsf8/Flnb/Il1b/Tnfrsf1b/Oasl1/Birc3/Il31ra/Ptpn2/Nfkb1/Stat6/Stat5a/Myd88/Jun/Tifa/Nlrc5/Nod1,58
R-MMU-6783589,Interleukin-6 family signaling,10/553,21/8093,0.47619047619047616,6.968914147937656,7.416845509863592,3.631654672496425e-7,1.0569296768852408e-4,9.697694192642515e-5,Osmr/Socs3/Clcf1/Stat3/Il6/Il11/Lif/Osm/Il6st/Il31ra,10
R-MMU-373076,Class A/1 (Rhodopsin-like receptors),42/553,273/8093,0.15384615384615385,2.251495340102935,5.69655131147763,4.521624286140068e-7,1.0569296768852408e-4,9.697694192642515e-5,Bdkrb2/S1pr3/Cxcl10/Ccl9/Ccl3/Ccl6/C3ar1/Ccl4/Ccl12/C5ar1/Hcar2/F2r/Ccl7/Anxa1/Hrh1/Lpar1/Cxcl16/Ccr5/Gpr183/Apln/P2ry2/S1pr2/Trh/Cxcl2/Cxcl1/Ptgir/Aplnr/P2ry1/F2rl1/Prokr1/Bdkrb1/Ccl11/Prok2/Edn1/Cxcl5/Ackr3/Sucnr1/Gpr35/Ece1/S1pr1/Cxcl3/Gpr4,42
R-MMU-109582,Hemostasis,61/553,473/8093,0.12896405919661733,1.8873528590926292,5.385850168793027,7.279696235707921e-7,1.3613031960773813e-4,1.2490426172846224e-4,Anxa2/Maff/Itga5/Cav1/A2m/Cd44/Timp1/Plek/Cd74/Pdpn/Tagln2/Angpt2/Plau/Ehd2/Cd36/Tubb6/F2r/Dok2/Timp3/Plaur/Srgn/Dock5/Vcl/Sele/Tgfb1/Kif26a/Itgb2/Hgf/Plat/P2rx7/Apbb1ip/Mafk/Gna14/Pecam1/Anxa5/Selp/Cd84/Cd63/Fgr/Procr/Epcam/Pros1/Ptgir/Cd9/Gng11/Pla2g4a/P2ry1/Thbd/Fcer1g/Gata6/Prkch/Slc3a2/Slc16a3/Fn1/H3f3b/Tln1/Gata2/Nos2/Stxbp3/Ecm1/Lamp2,61
R-MMU-168898,Toll-like Receptor Cascades,27/553,142/8093,0.19014084507042253,2.782657973155388,5.803715982999867,8.99936300677177e-7,1.4024007352219343e-4,1.2867510264068412e-4,Cd14/Fos/Cd36/Mapkapk3/Tirap/Nfkb2/Map2k3/Itgb2/Mapkapk2/Rela/Tlr1/Ripk1/Cd180/Ctsl/Atf1/Irf7/Usp18/Map3k8/Birc3/Tlr2/Lbp/Nfkb1/Lgmn/Jun/Tifa/Nlrc5/Nod1,27
R-MMU-449147,Signaling by Interleukins,39/553,254/8093,0.15354330708661418,2.2470632626617877,5.468646379063731,1.2409470534938267e-6,1.6575507071667545e-4,1.5208599227029609e-4,Osmr/Socs3/Fos/Clcf1/Csf1/Il4ra/Sdc1/Stat3/Il21/Mapkapk3/Il1r1/Nfkb2/Il1rn/Il6/Map2k3/Csf2rb/Il11/Mapkapk2/Lif/Rela/Osm/Il1a/Il1rl2/Il6st/Atf1/Socs1/Irak3/Usp18/Map3k8/Il1b/Il31ra/Nfkb1/Stat6/Stat5a/Myd88/Jun/Tifa/Nlrc5/Nod1,39
R-MMU-375276,Peptide ligand-binding receptors,29/553,166/8093,0.1746987951807229,2.5566679012614655,5.487827036628748,2.1975134155859526e-6,2.568343804466082e-4,2.3565439917138834e-4,Bdkrb2/Cxcl10/Ccl9/Ccl3/Ccl6/C3ar1/Ccl4/Ccl12/C5ar1/F2r/Ccl7/Anxa1/Cxcl16/Ccr5/Apln/Trh/Cxcl2/Cxcl1/Aplnr/F2rl1/Prokr1/Bdkrb1/Ccl11/Prok2/Edn1/Cxcl5/Ackr3/Ece1/Cxcl3,29
R-MMU-380108,Chemokine receptors bind chemokines,13/553,43/8093,0.3023255813953488,4.424450145086,6.097221400503449,3.342753768255348e-6,3.1724719130352363e-4,2.910852360398219e-4,Cxcl10/Ccl3/Ccl4/Ccl12/Ccl7/Cxcl16/Ccr5/Cxcl2/Cxcl1/Ccl11/Cxcl5/Ackr3/Cxcl3,13
R-MMU-418594,G alpha (i) signalling events,36/553,235/8093,0.15319148936170213,2.2419145088684544,5.232080887161472,3.3930180888077394e-6,3.1724719130352363e-4,2.910852360398219e-4,Bdkrb2/S1pr3/Cxcl10/Ccl9/Ccl6/C3ar1/Ccl4/C5ar1/Hcar2/Rgs1/Anxa1/Rgs3/Rgs16/Lpar1/Cxcl16/Ccr5/Gpr183/Apln/Gna14/Ccr1/S1pr2/Cxcl2/Cxcl1/Pde4b/Rgs20/Gng11/Aplnr/Pla2g4a/Bdkrb1/Ccl11/Adcy4/Cxcl5/Ackr3/Sucnr1/Cxcl3/Plcb3,36
R-MMU-1474228,Degradation of the extracellular matrix,20/553,94/8093,0.2127659574468085,3.113770151206187,5.582242116558121,3.9798297610504944e-6,3.186706321694244e-4,2.923912921115462e-4,Spp1/A2m/Cd44/Timp1/Col12a1/Adamts4/Mmp12/Adam8/Mmp19/Adamts5/Col8a2/Ctsl/Cast/Col8a1/Col6a2/Fn1/Col5a3/Col4a1/Col18a1/Mmp11,20
R-MMU-216083,Integrin cell surface interactions,16/553,64/8093,0.25,3.6586799276672695,5.782693107994732,4.089890466345553e-6,3.186706321694244e-4,2.923912921115462e-4,Spp1/Itga5/Icam1/Cd44/Itgb2/Pecam1/Col8a2/Col8a1/Col6a2/Fn1/Tnc/Itga9/Col5a3/Col4a1/Col18a1/Col16a1,16
R-MMU-166016,Toll Like Receptor 4 (TLR4) Cascade,22/553,111/8093,0.1981981981981982,2.9005750777902675,5.460035765282027,4.5648633214813285e-6,3.28319015814234e-4,3.0124401676172335e-4,Cd14/Fos/Mapkapk3/Tirap/Nfkb2/Map2k3/Itgb2/Mapkapk2/Rela/Ripk1/Cd180/Atf1/Irf7/Usp18/Map3k8/Birc3/Lbp/Nfkb1/Jun/Tifa/Nlrc5/Nod1,22
R-MMU-76005,Response to elevated platelet cytosolic Ca2+,21/553,111/8093,0.1891891891891892,2.7687307560725283,5.081268980196546,1.5966442284583414e-5,0.0010663302525775352,9.783947715740965e-4,A2m/Timp1/Plek/Tagln2/Cd36/Timp3/Srgn/Vcl/Tgfb1/Hgf/Pecam1/Anxa5/Selp/Cd63/Pros1/Cd9/Fn1/Tln1/Stxbp3/Ecm1/Lamp2,21
R-MMU-114608,Platelet degranulation,20/553,106/8093,0.18867924528301888,2.761267869937562,4.943008220331067,2.6412292946330358e-5,0.0015061982060862091,0.0013819887846442563,A2m/Timp1/Plek/Tagln2/Cd36/Timp3/Srgn/Vcl/Tgfb1/Hgf/Pecam1/Anxa5/Selp/Cd63/Pros1/Cd9/Fn1/Tln1/Ecm1/Lamp2,20
R-MMU-6788467,IL-6-type cytokine receptor ligand interactions,7/553,15/8093,0.4666666666666667,6.8295358649789035,6.119733547527632,2.657854191344885e-5,0.0015061982060862091,0.0013819887846442563,Osmr/Clcf1/Il11/Lif/Osm/Il6st/Il31ra,7
R-MMU-3134963,DEx/H-box helicases activate type I IFN and inflammatory cytokines production,5/553,7/8093,0.7142857142857143,10.453371221906485,6.77600462413637,2.7385421928840166e-5,0.0015061982060862091,0.0013819887846442563,Nfkb2/Rela/Irf7/Nfkb1/Myd88,5
R-MMU-202733,Cell surface interactions at the vascular wall,18/553,90/8093,0.2,2.926943942133816,4.978158918735054,2.944897189054423e-5,0.0015297104843143808,0.0014035621105727223,Itga5/Cav1/Cd44/Cd74/Angpt2/Dok2/Sele/Itgb2/Pecam1/Selp/Cd84/Procr/Epcam/Pros1/Thbd/Slc3a2/Slc16a3/Fn1,18
R-MMU-1474290,Collagen formation,15/553,68/8093,0.22058823529411764,3.2282469950005317,4.996893520395967,4.0924951177592293e-5,0.002013938386897305,0.0018478579063566606,Serpinh1/Col12a1/Col8a2/Ctsl/Col27a1/Col8a1/Loxl2/Plod2/Col6a2/Plod3/Col5a3/Lox/Col4a1/Col18a1/Col16a1,15
R-MMU-6798695,Neutrophil degranulation,52/553,438/8093,0.1187214611872146,1.7374553081159636,4.297392222210092,5.205800636449366e-5,0.0024337117975400785,0.0022330144835295967,Anxa2/Ttr/Hspa1a/Hspa1b/Cd14/Tmbim1/Cd44/C3ar1/Tnfaip6/C5ar1/Plau/Ptx3/Cd36/Iqgap1/Plaur/Gpr84/Vcl/Cd68/Itgb2/S100a11/Adam8/Ctsz/Plekho2/Adgrg3/Ctsc/Lcn2/Pgm2/Cd53/Pecam1/Cd93/Fgl2/Cd63/Fgr/Cxcl1/Gca/Ano6/Mvp/Tnfrsf1b/Fcer1g/Stbd1/Tlr2/Crispld2/Ptprc/Cstb/Clec5a/Nfkb1/Pnp2/Hk3/B4galt1/Ifi204/Lamp2/Stom,52
R-MMU-500792,GPCR ligand binding,43/553,340/8093,0.1264705882352941,1.8508616104669715,4.340785500217595,5.5122131639550746e-5,0.002454247289665712,0.002251856505575632,Bdkrb2/S1pr3/Cxcl10/Ccl9/Ccl3/Ccl6/C3ar1/Ccl4/Ccl12/C5ar1/Hcar2/F2r/Ccl7/Anxa1/Hrh1/Lpar1/Cxcl16/Ccr5/Gpr183/Apln/P2ry2/S1pr2/Trh/Cxcl2/Cxcl1/Ptgir/Gng11/Aplnr/P2ry1/F2rl1/Prokr1/Bdkrb1/Ccl11/Prok2/Edn1/Cxcl5/Ackr3/Sucnr1/Gpr35/Ece1/S1pr1/Cxcl3/Gpr4,43
R-MMU-166166,MyD88-independent TLR4 cascade,18/553,97/8093,0.18556701030927836,2.715721183423128,4.603636424172839,8.326865970525916e-5,0.0033850520358442307,0.0031059019523929626,Cd14/Fos/Mapkapk3/Nfkb2/Map2k3/Mapkapk2/Rela/Ripk1/Atf1/Irf7/Usp18/Map3k8/Birc3/Nfkb1/Jun/Tifa/Nlrc5/Nod1,18
R-MMU-937061,TRIF (TICAM1)-mediated TLR4 signaling,18/553,97/8093,0.18556701030927836,2.715721183423128,4.603636424172839,8.326865970525916e-5,0.0033850520358442307,0.0031059019523929626,Cd14/Fos/Mapkapk3/Nfkb2/Map2k3/Mapkapk2/Rela/Ripk1/Atf1/Irf7/Usp18/Map3k8/Birc3/Nfkb1/Jun/Tifa/Nlrc5/Nod1,18
R-MMU-2028269,Signaling by Hippo,7/553,18/8093,0.3888888888888889,5.691279887482419,5.3958660638093106,1.0966755845954622e-4,0.0042724652983198216,0.003920134216865359,Amotl2/Wwtr1/Amotl1/Mob1a/Yap1/Sav1/Tjp1,7
R-MMU-448706,Interleukin-1 processing,5/553,9/8093,0.5555555555555556,8.1303998392606,5.795979167146829,1.4635244425247482e-4,0.005351028115308241,0.004909752788039649,Nfkb2/Rela/Il1a/Il1b/Nfkb1,5
R-MMU-975155,MyD88 dependent cascade initiated on endosome,16/553,84/8093,0.19047619047619047,2.7875656591750624,4.459819979965128,1.487986427786249e-4,0.005351028115308241,0.004909752788039649,Cd14/Fos/Mapkapk3/Nfkb2/Map2k3/Mapkapk2/Rela/Atf1/Irf7/Usp18/Map3k8/Nfkb1/Jun/Tifa/Nlrc5/Nod1,16
R-MMU-168164,Toll Like Receptor 3 (TLR3) Cascade,15/553,77/8093,0.19480519480519481,2.8509194241563143,4.419354613276376,1.8348492952920405e-4,0.006354015152215028,0.005830027975294399,Fos/Mapkapk3/Nfkb2/Map2k3/Mapkapk2/Rela/Atf1/Irf7/Usp18/Map3k8/Nfkb1/Jun/Tifa/Nlrc5/Nod1,15
R-MMU-2022090,Assembly of collagen fibrils and other multimeric structures,10/553,39/8093,0.2564102564102564,3.7524922335048916,4.666136324592367,2.1289127924468016e-4,0.007109048074777713,0.006522796713699788,Col8a2/Ctsl/Col27a1/Col8a1/Loxl2/Col6a2/Col5a3/Lox/Col4a1/Col18a1,10
R-MMU-166058,MyD88:MAL(TIRAP) cascade initiated on plasma membrane,15/553,79/8093,0.189873417721519,2.7787442488612175,4.302364637327051,2.4693969822196717e-4,0.007215269307423103,0.0066202583569376075,Fos/Mapkapk3/Tirap/Nfkb2/Map2k3/Mapkapk2/Rela/Atf1/Usp18/Map3k8/Nfkb1/Jun/Tifa/Nlrc5/Nod1,15
R-MMU-168179,Toll Like Receptor TLR1:TLR2 Cascade,15/553,79/8093,0.189873417721519,2.7787442488612175,4.302364637327051,2.4693969822196717e-4,0.007215269307423103,0.0066202583569376075,Fos/Mapkapk3/Tirap/Nfkb2/Map2k3/Mapkapk2/Rela/Atf1/Usp18/Map3k8/Nfkb1/Jun/Tifa/Nlrc5/Nod1,15
R-MMU-168188,Toll Like Receptor TLR6:TLR2 Cascade,15/553,79/8093,0.189873417721519,2.7787442488612175,4.302364637327051,2.4693969822196717e-4,0.007215269307423103,0.0066202583569376075,Fos/Mapkapk3/Tirap/Nfkb2/Map2k3/Mapkapk2/Rela/Atf1/Usp18/Map3k8/Nfkb1/Jun/Tifa/Nlrc5/Nod1,15
R-MMU-181438,Toll Like Receptor 2 (TLR2) Cascade,15/553,79/8093,0.189873417721519,2.7787442488612175,4.302364637327051,2.4693969822196717e-4,0.007215269307423103,0.0066202583569376075,Fos/Mapkapk3/Tirap/Nfkb2/Map2k3/Mapkapk2/Rela/Atf1/Usp18/Map3k8/Nfkb1/Jun/Tifa/Nlrc5/Nod1,15
R-MMU-168181,Toll Like Receptor 7/8 (TLR7/8) Cascade,16/553,88/8093,0.18181818181818182,2.6608581292125595,4.242267347291061,2.6135176301033536e-4,0.007404966618626168,0.006794312180332483,Cd14/Fos/Mapkapk3/Nfkb2/Map2k3/Mapkapk2/Rela/Atf1/Irf7/Usp18/Map3k8/Nfkb1/Jun/Tifa/Nlrc5/Nod1,16
R-MMU-1650814,Collagen biosynthesis and modifying enzymes,12/553,57/8093,0.21052631578947367,3.080993623298753,4.269657543812874,3.793808718319244e-4,0.01043297397537792,0.009572613329505214,Serpinh1/Col12a1/Col8a2/Col27a1/Col8a1/Plod2/Col6a2/Plod3/Col5a3/Col4a1/Col18a1/Col16a1,12
R-MMU-1442490,Collagen degradation,10/553,42/8093,0.23809523809523808,3.484457073968828,4.371556131009097,4.09090478147031e-4,0.01085577982680659,0.009960552275651418,Col12a1/Mmp12/Col8a2/Ctsl/Col8a1/Col6a2/Col5a3/Col4a1/Col18a1/Mmp11,10
R-MMU-975138,TRAF6 mediated induction of NFkB and MAP kinases upon TLR7/8 or 9 activation,15/553,83/8093,0.18072289156626506,2.6448288633739296,4.078949572931404,4.3221992339221454e-4,0.01085577982680659,0.009960552275651418,Cd14/Fos/Mapkapk3/Nfkb2/Map2k3/Mapkapk2/Rela/Atf1/Usp18/Map3k8/Nfkb1/Jun/Tifa/Nlrc5/Nod1,15
R-MMU-76002,"Platelet activation, signaling and aggregation",30/553,230/8093,0.13043478260869565,1.9088764840003147,3.78686198047193,4.3605257930655366e-4,0.01085577982680659,0.009960552275651418,A2m/Timp1/Plek/Pdpn/Tagln2/Cd36/F2r/Timp3/Srgn/Vcl/Tgfb1/Hgf/Apbb1ip/Gna14/Pecam1/Anxa5/Selp/Cd63/Pros1/Cd9/Gng11/Pla2g4a/P2ry1/Fcer1g/Prkch/Fn1/Tln1/Stxbp3/Ecm1/Lamp2,30
R-MMU-168138,Toll Like Receptor 9 (TLR9) Cascade,16/553,92/8093,0.17391304347826086,2.5451686453337525,4.036477119564256,4.411974688969523e-4,0.01085577982680659,0.009960552275651418,Cd14/Fos/Mapkapk3/Nfkb2/Map2k3/Mapkapk2/Rela/Atf1/Irf7/Usp18/Map3k8/Nfkb1/Jun/Tifa/Nlrc5/Nod1,16
R-MMU-112409,RAF-independent MAPK1/3 activation,7/553,22/8093,0.3181818181818182,4.656501726121979,4.650699503840806,4.620258354220559e-4,0.011076773233836467,0.010163321345991246,Il6/Dusp16/Il6st/Dusp10/Dusp2/Dusp1/Dusp5,7
R-MMU-168142,Toll Like Receptor 10 (TLR10) Cascade,14/553,78/8093,0.1794871794871795,2.6267445634534243,3.909486625872853,7.152033512776299e-4,0.015921788891537714,0.014608790257926529,Fos/Mapkapk3/Nfkb2/Map2k3/Mapkapk2/Rela/Atf1/Usp18/Map3k8/Nfkb1/Jun/Tifa/Nlrc5/Nod1,14
R-MMU-168176,Toll Like Receptor 5 (TLR5) Cascade,14/553,78/8093,0.1794871794871795,2.6267445634534243,3.909486625872853,7.152033512776299e-4,0.015921788891537714,0.014608790257926529,Fos/Mapkapk3/Nfkb2/Map2k3/Mapkapk2/Rela/Atf1/Usp18/Map3k8/Nfkb1/Jun/Tifa/Nlrc5/Nod1,14
R-MMU-975871,MyD88 cascade initiated on plasma membrane,14/553,78/8093,0.1794871794871795,2.6267445634534243,3.909486625872853,7.152033512776299e-4,0.015921788891537714,0.014608790257926529,Fos/Mapkapk3/Nfkb2/Map2k3/Mapkapk2/Rela/Atf1/Usp18/Map3k8/Nfkb1/Jun/Tifa/Nlrc5/Nod1,14
R-MMU-2032785,YAP1- and WWTR1 (TAZ)-stimulated gene expression,4/553,8/8093,0.5,7.317359855334539,4.841115312787521,0.001209280438349885,0.026294818833887033,0.024126402870383264,Wwtr1/Tead1/Tead4/Yap1,4
R-MMU-8948216,Collagen chain trimerization,8/553,33/8093,0.24242424242424243,3.5478108389500798,3.9715630330477363,0.0013622667022814277,0.028948167423480338,0.026560941683238363,Col12a1/Col8a2/Col27a1/Col8a1/Col6a2/Col5a3/Col18a1/Col16a1,8
R-MMU-186797,Signaling by PDGF,10/553,50/8093,0.2,2.926943942133816,3.7012624232522207,0.0017420613941654885,0.036196164523216265,0.03321122891800873,Spp1/Stat3/Plat/Thbs2/Col6a2/Stat6/Col5a3/Stat5a/Col4a1/Ptpn12,10
R-MMU-9860927,"Turbulent (oscillatory, disturbed) flow shear stress activates signaling by PIEZO1 and integrins in endothelial cells",7/553,27/8093,0.25925925925925924,3.794186591654946,3.938338194447852,0.001783573286601347,0.03625306571678825,0.033263437724945034,Anxa2/Itga5/Vcl/Rela/Yap1/Nfkb1/Fn1,7
R-MMU-1059683,Interleukin-6 signaling,4/553,9/8093,0.4444444444444444,6.5043198714084784,4.474212389652484,0.0020596228336278144,0.040973347860468225,0.03759445933721543,Socs3/Stat3/Il6/Il6st,4
R-MMU-2173788,Downregulation of TGF-beta receptor signaling,5/553,15/8093,0.3333333333333333,4.878239903556359,4.071300939365621,0.0024707642258971737,0.0481284281502887,0.04415949219531134,Smad7/Tgfb1/Smad3/Tgfbr2/Bambi,5
